<?xml version="1.0" encoding="UTF-8" ?>
<module>
	<name>themeszonecarousel</name>
	<displayName><![CDATA[Themes Zone Carrousel des Produits]]></displayName>
	<version><![CDATA[0.9.5]]></version>
	<description><![CDATA[Carrousel des produits par Themes Zone]]></description>
	<author><![CDATA[Themes Zone]]></author>
	<tab><![CDATA[]]></tab>
	<confirmUninstall><![CDATA[Etes-vous sûr de vouloir désinstaller ce module ?]]></confirmUninstall>
	<is_configurable>1</is_configurable>
	<need_instance>0</need_instance>
	<limited_countries></limited_countries>
</module>